ID_EVENT,ID_PLAY,ID_PLAY2,ID_PLAY3,ID_ACTIVITY,ID_PLACE,TITLE,DESCRIPTION_ES,DESCRIPTION_EN,ROOMS,ID_ARTIST1,ID_ARTIST2,DATE,DATE_END,TIME,TIME_END,SOLDOUT,IS_FREE,NEED_TICKET,PUBLISHED,CREATED_TS,UPDATED_TS
1,16,NULL,NULL,4,13,Recreacionismo Medieval,"<p>Un evento que nos traslada a la Edad Media. Los más grandes grupos de recreación medieval argentina, junto a artistas recreacionistas y eximios artesanos de época dan vida a una típica feria medieval europea. Allí habrá actividades como justas de caballeros, danzas medievales, ceremonias de armado de caballero y vasallaje, y recreación de combates. También se realizarán talleres con participación del público: caligrafía, danzas, arquería, esgrima y combate, herrería en forja medieval, entre otros.</p><p>Se podrán recorrer los diferentes stands de los maestros artesanos y adquirir artesanías de estilo y factura medieval. Será posible también visitar las carpas de los grupos de recreación medieval y asistir a diferentes charlas y talleres, para ver, sentir y vivir por un momento la Edad Media en su plenitud. </p><p><b>Compañías</b></p><p><strong>ARME Vik - Asociación Recreacionista Medieval Escandinava</strong></p><p><strong>Chastel Pélerin - R</strong>ecreacionismo Histórico</p><p><strong>Círculo de Esgrima Medieval Valherjes -</strong>Esgrima Medieval<br/><strong>Clann an Tuirc Dheirg - Época</strong> Medieval Escocesa</p><p><strong>Huskarls Hird -</strong> Era Vendel (siglo V - siglo VII)</p><p><b>Mesnada de Vanimatir</b> -Europa cristiana y musulmana del siglo X al siglo XII</p><p><b>Orden de los Caballeros de la Cruz</b> - Período de las Cruzadas</p>","<p><b>The Medieval Village </b></p><p>An event that sends us back to the Middle Ages. Argentina's finest medieval reenactment groups, together with reenactors and fine period craftsmen, bring to life a typical European medieval fair. The myriad of activities will include jousting, medieval dancing, arming of the knight and vassals, and combat reenactment. Also, there will be workshops open to the public on: calligraphy, dances, archery, fencing and fighting, wrought-iron crafts, among others.</p><p>Visitors are invited to walk around the different stands of master artisans and purchase medieval-style handicrafts. And they can also visit the tents of medieval reenactment groups and attend various talks and workshops to see, feel and experience, for a moment, the Middle Ages at its finest.</p><p><b>Companies</b></p><p><strong>ARME Vik - Scandinavian Medieval Reenactment Association</strong></p><p><strong>Chastel Pélerin -</strong> Historical Reenactment</p><p><strong>Círculo de Esgrima Medieval Valherjes -</strong> Medieval Fencing<br /><strong>Clann an Tuirc Dheirg - Scottish Medieval Period</strong></p><p><strong>Huskarls Hird -</strong> Vendel Period (5<sup>th</sup>-7<sup>th</sup> centuries)</p><p><b>Mesnada de Vanimatir</b> -Christian and Muslim Europe (10<sup>th</sup>-12<sup>th </sup>centuries)</p><p><b>Orden de los Caballeros de la Cruz</b> - Crusade Period</p>",NULL,0,0,2012-02-11,0000-00-00,17:00:00,21:00:00,0,1,0,1,2012-02-06 22:19:22,2012-02-08 19:38:47
2,10,NULL,NULL,6,16,Mantua,,,NULL,0,0,2012-02-11,0000-00-00,22:00:00,01:01:01,1,1,1,1,2012-02-06 22:24:38,2012-02-09 13:03:02
3,14,NULL,NULL,5,15,Bicicleteada Shakespeareana,"<p><b>El recorrido</b></p><p>La Bicicleteada Shakespeareana se desarrolla en Costanera Sur y alrededores. El circuito cuenta con cinco estaciones: Hamlet y el Fantasma, El Encuentro con los Actores, Polonio Muere, El Rey Trama el Asesinato y Ser o No Ser. En cada una de estas paradas se leerán las escenas más representativas de la obra. El trayecto comienza en la sede de la Dirección General de Museos (ex edificio de la Munich), se extiende a través de la Reserva Ecológica y finaliza en el escenario del Anfiteatro de Costanera Sur. </p><p><b>Duración:</b> 150’</p><p>Cada participante deberá llevar su propia bicicleta y se recomienda usar casco por cuestiones de seguridad.</p>","<p><b>The Route</b></p><p>The Shakespearean Bike Ride will be held in Costanera Sur and surroundings. The circuit includes five stations: Hamlet y el Fantasma, El Encuentro con los Actores, Polonio Muere, El Rey Trama el Asesinato and Ser o No Ser. At each one of them, there will be a reading of the most significant parts of the play. The route will start at the Dirección General de Museos (former Munich building), pass through the Reserva Ecológica and end at the stage of the Anfiteatro de Costanera Sur.</p><p><b>Total Time:</b> 150’</p><p>Riders have to bring their own bike and should wear a helmet for safety.</p>",NULL,0,0,2012-02-12,0000-00-00,10:00:00,01:01:01,0,1,0,1,2012-02-06 22:53:12,2012-02-10 02:31:22
4,10,NULL,NULL,6,16,Mantua,,,NULL,0,0,2012-02-12,0000-00-00,22:00:00,01:01:01,1,1,1,1,2012-02-06 23:01:19,2012-02-09 14:16:07
5,0,NULL,NULL,1,1,"Escribir en el aire: Técnicas de actuación para Shakespeare I, por S. Gontariski","El workshop se divide en tres sesiones, aborda la actuación, en este caso enfocada en Shakespeare, como un sistema de comunicación visual en el que el cuerpo es un poderoso significante, un sistema que comunica. Por consiguiente, tiene tanta capacidad de inflexión y es un sistema de comunicación tan poderoso como el lenguaje. Por eso su presencia o movimiento sobre el escenario es una parte fundamental en la comunicación del actor, el cuerpo actúa como significante; mientras el cuerpo se mueve, uno está escribiendo en el aire. Se trabajará con dos de las tragedias más famosas de Shakespeare, Hamlet y la que los actores llaman “la obra escocesa”, Macbeth. Cada sesión se dividirá de forma más o menos pareja entre estas dos obras. Primera sesión Estará dedicada a la segmentación de estos textos en partes más pequeñas de acuerdo a unidades temáticas o de acción, e incluirá el análisis textual de escenas puntuales.Segunda sesión Se concentrará en el lenguaje shakespeareano y en la presentación de la poesía como diálogo o discurso (natural). Se centrará la atención en los usos más efectivos de los textos de Shakespeare sobre el escenario, para expresar un parlamento, como Hamlet le dice a sus actores, “con soltura de lengua”. Dado que dicha presentación depende bastante de técnicas de respiración, esta sesión es un puente entre el énfasis textual de la primera parte y el énfasis físico de la tercera.Tercera sesión Se centrará en los movimientos sobre el escenario, en ejercicios de actuación, en el cuerpo como significante y en técnicas no verbales de actuación.Duración: 3 horas por encuentro. <p>Este <i>Workshop</i> es gratuito y requiere inscripción<i> online</i> previa, dado que el cupo es limitado. Para completar el formulario haga <a href=\""http://www.shakespeareba.gob.ar/home12/web/index.php/es/forms/workshop_form.html\"">click aquí</a>. </p>","<p><b><i>Writing on Air: Acting for Shakespeare</i></b></p><p><i>The three-part “Writing on Air” workshop approaches acting, in this case focused on Shakespeare in particular, as a system of visual communication, the body as a powerful signifier, as a communicating system. The body thus has as much inflection, is as powerful system of communication as is language, and hence presence or motion on stage is crucial part of how the actor communicates, the body as signifier; as the body moves one is thus writing on air.</i></p><p><i>The workshop will feature two of Shakespeare’s most famous tragedies, </i>Hamlet<i> and the play that actors call “The Scottish play,” that is, </i>Macbeth<i>. Each workshop session will be divided more or less equally between these two plays.</i></p><p>First session</p><p><i>The first part will be devoted to a breakdown of these plays into manageable segments according to themes and actions, what some directors have called “beats”, and include textual analyses of particular scenes.</i></p><p>Second session</p><p><i>The second part will focus on Shakespearean language and the presentation of poetry as (natural) speech or dialogue. The focus is on the best uses of Shakespeare’s texts on stage, to speak one’s lines, as Hamlet tells his Players, “trippingly on the tongue”. Since such presentation depends heavily on breathing techniques, this session is a bridge between the heavily textual emphasis of the first part and the very physical emphasis of the third part.</i></p><p>Third session</p><p><i>The third part will focus on stage movement, on acting exercises, on the body as signifier, on non-verbal acting technique</i>.</p><p>Running Time<b>:</b> 3 hours per day.</p><p>Workshop require advance online registration <a href=“http://www.shakespeareba.gob.ar/home12/web/index.php/en/forms/workshop_form.html”>here</a>, as the number of participants is limited.</p>",SUM,15,0,2012-02-13,0000-00-00,11:00:00,01:01:01,0,1,0,1,2012-02-06 23:03:27,2012-02-07 20:11:32
6,0,NULL,NULL,1,1,"Eduardo III, la “nueva” obra de Shakespeare, por Mónica Maffia","<p><i>Eduardo III</i>, recientemente incorporada al canon, gira alrededor de dos líneas argumentales: el amor y la guerra. Cuestiones de derecho y problemas de género de la Guerra de los Cien Años, entrelazados con la pasión que el Rey siente por la Condesa de Salisbury, borran la línea que divide lo legal de lo ilegal, lo justo de lo injusto. En el dilema de mantener o quebrar promesas, se unifican las dos líneas argumentales. </p><p><b>Duración:</b> 3 horas.</p><p>Este <i>Workshop</i> es gratuito y requiere inscripción<i> online</i> previa, dado que el cupo es limitado. Para completar el formulario haga <a href=\""http://www.shakespeareba.gob.ar/home12/web/index.php/es/forms/workshop_form.html\"">click aquí</a>. </p>","<p><i>Edward III</i>, recently added to the Shakespeare canon, revolves around two plot lines: love and war. Law and gender issues at the time of the Hundred Years War, intertwined with the King's feelings for the Countess of Salisbury, blur the line that divides legal from illegal, fair from unfair. In the dilemma of keeping or breaking promises, the two plot lines come together.</p><p>Running Time<b>:</b> 3 hours.</p><p>Workshop require advance online registration <a href=“http://www.shakespeareba.gob.ar/home12/web/index.php/en/forms/workshop_form.html”>here</a>, as the number of participants is limited.</p>",SUM,18,0,2012-02-13,0000-00-00,15:00:00,01:01:01,0,1,0,1,2012-02-07 15:34:02,2012-02-07 20:10:18
7,0,NULL,NULL,1,1,"Un recorrido del amor al terror (De Romeo y Julieta a Macbeth), por Laura Silva","<p><i>Romeo y Julieta</i> es mundialmente conocida como la historia de amor por excelencia. <i>Macbeth</i>, lo contrario: es reconocida como una historia de muerte, ambición y profundo terror. </p><p>Este <i>workshop </i>propone un recorrido por ambas obras y uno más amplio y fluctuante entre ambas. Porque si Julieta es la dama pura que decide su muerte por amor, ¿por qué no pensar que Lady Macbeth podría ser un espejo de ella? O, si Romeo posee un espíritu noble, ¿por qué no pensar que Macbeth busca desesperadamente la redención?</p><p>¿Por qué no abrir nuestro horizonte para poder enfocar a estos personajes como parte de un mismo magma? El de su autor. Si él mismo, en boca de las brujas nos enseña que “lo feo es bello y lo bello es feo”.</p><p><b>Nota:</b> Se solicita tener un conocimiento previo esencial de ambas obras. El workshop tendrá instancias de corte práctico, a voluntad de los asistentes.</p><p><b>Duración:</b> 3 horas.</p><p>Este <i>Workshop</i> es gratuito y requiere inscripción<i> online</i> previa, dado que el cupo es limitado. Para completar el formulario haga <a href=“http://www.shakespeareba.gob.ar/home12/web/index.php/es/forms/workshop_form.html”>click aquí</a>. </p>","<p>Romeo and Juliet is widely known as a love story par excellence. Macbeth is quite the opposite: it is well known as a tale of death, ambition and deep terror.This workshop takes participants on a meandering journey through the two plays. Because if Juliet is the pure lady who decides to take her life away for love, why not think that Lady Macbeth could be a mirror of her? Or, if Romeo is gifted with a noble spirit, why not think that Macbeth is desperately seeking redemption? Let’s expand our horizons to be able to focus on these characters as having sprung from the same creative well – the author. He himself, through the words of the witches, teaches us that “fair is foul, and foul is fair.” </p><p><b>Please note:</b> Participants must have a basic knowledge of both plays. The workshop will include practical activities for attendees to participate of their own free will.</p><p>Workshop require advance online registration <a href=“http://www.shakespeareba.gob.ar/home12/web/index.php/en/forms/workshop_form.html”>here</a>, as the number of participants is limited.</p>",SUM,19,0,2012-02-13,0000-00-00,18:00:00,01:01:01,0,1,0,1,2012-02-07 15:42:17,2012-02-07 20:09:50
8,4,NULL,NULL,6,17,"HxH, Hamlet por Hamlet",,,NULL,0,0,2012-02-13,0000-00-00,20:00:00,01:01:01,1,1,1,1,2012-02-07 15:46:11,2012-02-09 12:59:29
9,0,NULL,NULL,1,1,"Escribir en el aire: Técnicas de actuación para Shakespeare II, S. Gontariski","<p>El<i> workshop</i> se divide en tres sesiones, aborda la actuación, en este caso enfocada en Shakespeare, como un sistema de comunicación visual en el que el cuerpo es un poderoso significante, un sistema que comunica. Por consiguiente, tiene tanta capacidad de inflexión y es un sistema de comunicación tan poderoso como el lenguaje. Por eso su presencia o movimiento sobre el escenario es una parte fundamental en la comunicación del actor, el cuerpo actúa como significante; mientras el cuerpo se mueve, uno está escribiendo en el aire. </p><p>Se trabajará con dos de las tragedias más famosas de Shakespeare, <i>Hamlet</i> y la que los actores llaman “la obra escocesa”,<i> Macbeth</i>. Cada sesión se dividirá de forma más o menos pareja entre estas dos obras.</p><p><b><i>Primera sesión</i></b></p><p>Estará dedicada a la segmentación de estos textos en partes más pequeñas de acuerdo a unidades temáticas o de acción, e incluirá el análisis textual de escenas puntuales.</p><p><b><i>Segunda sesión</i></b></p><p>Se concentrará en el lenguaje shakespeareano y en la presentación de la poesía como diálogo o discurso (natural). Se centrará la atención en los usos más efectivos de los textos de Shakespeare sobre el escenario, para expresar un parlamento, como Hamlet le dice a sus actores, “con soltura de lengua”. Dado que dicha presentación depende bastante de técnicas de respiración, esta sesión es un puente entre el énfasis textual de la primera parte y el énfasis físico de la tercera.</p><p><b><i>Tercera sesión</i></b></p><p>Se centrará en los movimientos sobre el escenario, en ejercicios de actuación, en el cuerpo como significante y en técnicas no verbales de actuación.</p><p><b>Duración:</b> 3 horas por encuentro.</p><p>Este <i>Workshop</i> es gratuito y requiere inscripción<i> online</i> previa, dado que el cupo es limitado. Para completar el formulario haga <a href=\""http://www.shakespeareba.gob.ar/home12/web/index.php/es/forms/workshop_form.html\"">click aquí</a>. </p>","<p><b><i>Writing on Air: Acting for Shakespeare</i></b></p><p><i>The three-part “Writing on Air” workshop approaches acting, in this case focused on Shakespeare in particular, as a system of visual communication, the body as a powerful signifier, as a communicating system. The body thus has as much inflection, is as powerful system of communication as is language, and hence presence or motion on stage is crucial part of how the actor communicates, the body as signifier; as the body moves one is thus writing on air.</i></p><p><i>The workshop will feature two of Shakespeare’s most famous tragedies, </i>Hamlet<i> and the play that actors call “The Scottish play,” that is, </i>Macbeth<i>. Each workshop session will be divided more or less equally between these two plays.</i></p><p>First session</p><p><i>The first part will be devoted to a breakdown of these plays into manageable segments according to themes and actions, what some directors have called “beats”, and include textual analyses of particular scenes.</i></p><p>Second session</p><p><i>The second part will focus on Shakespearean language and the presentation of poetry as (natural) speech or dialogue. The focus is on the best uses of Shakespeare’s texts on stage, to speak one’s lines, as Hamlet tells his Players, “trippingly on the tongue”. Since such presentation depends heavily on breathing techniques, this session is a bridge between the heavily textual emphasis of the first part and the very physical emphasis of the third part.</i></p><p>Third session</p><p><i>The third part will focus on stage movement, on acting exercises, on the body as signifier, on non-verbal acting technique</i>.</p><p>Running Time<b>:</b> 3 hours per day.</p><p>Workshop require advance online registration <a href=“http://www.shakespeareba.gob.ar/home12/web/index.php/en/forms/workshop_form.html”>here</a>, as the number of participants is limited.</p>",SUM,0,0,2012-02-14,0000-00-00,11:00:00,01:01:01,0,1,0,1,2012-02-07 15:48:40,2012-02-07 20:11:31
10,0,NULL,NULL,1,1,"Taller intensivo de técnica para monólogos shakespeareanos, por Mónica Maffia","Los participantes elegirán un monólogo de Shakespeare para trabajar en clase, explorando aspectos de la escuela shakespeareana que permiten enfrentar un texto de alta complejidad junto a técnicas para la emisión de frases de gran aliento que comunican emociones extremas.En el momento de la inscripción, los participantes dejarán una fotocopia del monólogo elegido. Duración: 3 horas.<p>Este <i>Workshop</i> es gratuito y requiere inscripción<i> online</i> previa, dado que el cupo es limitado. Para completar el formulario haga <a href=“http://www.shakespeareba.gob.ar/home12/web/index.php/es/forms/workshop_form.html”>click aquí</a>. </p>","Intensive Workshop on Shakespearean Monologue TechniqueParticipants will choose one of Shakespeare's monologues to work during the class. They will explore aspects of the Shakespearean style that allow to approach a highly complex text using a series of techniques for delivering highly emotional and very inspirational speeches.At the time of registration, participants will hand in a copy of the monologue selected. Running Time: 3 hours.<p>Workshop require advance online registration <a href=“http://www.shakespeareba.gob.ar/home12/web/index.php/en/forms/workshop_form.html”>here</a>, as the number of participants is limited.</p>",SUM,18,0,2012-02-14,0000-00-00,15:00:00,01:01:01,0,1,0,1,2012-02-07 15:57:15,2012-02-07 20:14:42
11,0,NULL,NULL,2,1,"Masterclass, por Penny Cherns y Stanley Gortarski","<p>Dentro del marco de las propuestas educativas que ofrece el Festival, este espacio propone una mesa redonda acerca de Hamlet, una de las obras más complejas y emblemáticas del teatro universal de William Shakespeare.</p><p>La mesa redonda estará formada por expertos de la obra shakespeareana. Docentes extranjeros como Penny Cherns y Stanley Gontarski y docentes</p><p>argentinos como Laura Silva y Sergio Amigo, junto al talentoso director Carlos Rivas, contarán sus experiencias en torno a la investigación y al montaje de la obra, generando así, momentos enriquecedores que abrirán un espacio de reflexión e intercambio con el público.</p><p><b>Moderador:</b> Patricio Orozco</p><p><b>Duración:</b> 2 horas.</p><p>La <i>Master Class </i>es gratuita, por orden de llegada y sujeta a la capacidad de la sala. </p>","<p>Within the framework of the educational activities offered by the Festival, this</p><p>is an opportunity to attend a round-table discussion on Hamlet, one of William</p><p>Shakespeare’s most complex and iconic plays in world drama.</p><p>The round table will feature Shakespeare experts. Foreign professors such as Penelope Cherns and Stanley Gontarski and Argentine professors such as Laura Silva and Sergio Amigo together with the talented director Carlos Rivas, will share their experiences regarding research on and staging of the play, providing an enriching environment for reflection and exchange with the audience.</p><p><b>Moderator:</b> Patricio Orozco</p><p><b>Running Time:</b> 2 hours.</p><p>Admission to the Master Class is on a first-come, first-served basis and subject to capacity.</p>",NULL,16,15,2012-02-14,0000-00-00,19:00:00,01:01:01,0,1,0,1,2012-02-07 15:59:44,2012-02-07 18:51:19
12,4,NULL,NULL,6,17,"HxH, Hamlet por Hamlet",,,NULL,0,0,2012-02-14,0000-00-00,20:00:00,01:01:01,1,1,1,1,2012-02-07 16:06:46,2012-02-09 12:59:03
13,15,NULL,NULL,7,12,Shakespeare apasionado,,,NULL,0,0,2012-02-14,0000-00-00,20:30:00,01:01:01,0,1,0,1,2012-02-07 16:10:07,2012-02-07 18:50:04
14,0,0,0,1,1,"Escribir en el aire: Técnicas de actuación para Shakespeare III, S. Gontariski","El workshop se divide en tres sesiones, aborda la actuación, en este caso enfocada en Shakespeare, como un sistema de comunicación visual en el que el cuerpo es un poderoso significante, un sistema que comunica. Por consiguiente, tiene tanta capacidad de inflexión y es un sistema de comunicación tan poderoso como el lenguaje. Por eso su presencia o movimiento sobre el escenario es una parte fundamental en la comunicación del actor, el cuerpo actúa como significante; mientras el cuerpo se mueve, uno está escribiendo en el aire. Se trabajará con dos de las tragedias más famosas de Shakespeare, <i>Hamlet</i> y la que los actores llaman “la obra escocesa”,<i> Macbeth</i>. Cada sesión se dividirá de forma más o menos pareja entre estas dos obras. <i>Primera sesión</i> Estará dedicada a la segmentación de estos textos en partes más pequeñas de acuerdo a unidades temáticas o de acción, e incluirá el análisis textual de escenas puntuales. <i>Segunda sesión</i> Se concentrará en el lenguaje shakespeareano y en la presentación de la poesía como diálogo o discurso (natural). Se centrará la atención en los usos más efectivos de los textos de Shakespeare sobre el escenario, para expresar un parlamento, como Hamlet le dice a sus actores, “con soltura de lengua”. Dado que dicha presentación depende bastante de técnicas de respiración, esta sesión es un puente entre el énfasis textual de la primera parte y el énfasis físico de la tercera. <i>Tercera sesión</i> Se centrará en los movimientos sobre el escenario, en ejercicios de actuación, en el cuerpo como significante y en técnicas no verbales de actuación. <b>Duración:</b> 3 horas por encuentro. Este <i>Workshop</i> es gratuito y requiere inscripción<i> online</i> previa, dado que el cupo es limitado. Para completar el formulario haga <a href=“http://www.shakespeareba.gob.ar/home12/web/index.php/es/forms/workshop_form.html”>click aquí</a>.","<p><b><i>Writing on Air: Acting for Shakespeare</i></b></p><p><i>The three-part “Writing on Air” workshop approaches acting, in this case focused on Shakespeare in particular, as a system of visual communication, the body as a powerful signifier, as a communicating system. The body thus has as much inflection, is as powerful system of communication as is language, and hence presence or motion on stage is crucial part of how the actor communicates, the body as signifier; as the body moves one is thus writing on air.</i></p><p><i>The workshop will feature two of Shakespeare’s most famous tragedies, </i>Hamlet<i> and the play that actors call “The Scottish play,” that is, </i>Macbeth<i>. Each workshop session will be divided more or less equally between these two plays.</i></p><p>First session</p><p><i>The first part will be devoted to a breakdown of these plays into manageable segments according to themes and actions, what some directors have called “beats”, and include textual analyses of particular scenes.</i></p><p>Second session</p><p><i>The second part will focus on Shakespearean language and the presentation of poetry as (natural) speech or dialogue. The focus is on the best uses of Shakespeare’s texts on stage, to speak one’s lines, as Hamlet tells his Players, “trippingly on the tongue”. Since such presentation depends heavily on breathing techniques, this session is a bridge between the heavily textual emphasis of the first part and the very physical emphasis of the third part.</i></p><p>Third session</p><p><i>The third part will focus on stage movement, on acting exercises, on the body as signifier, on non-verbal acting technique</i>.</p><p>Running Time<b>:</b> 3 hours per day.</p><p>Workshop require advance online registration <a href=“http://www.shakespeareba.gob.ar/home12/web/index.php/en/forms/workshop_form.html”>here</a>, as the number of participants is limited.</p>",SUM,0,0,2012-02-15,0000-00-00,11:00:00,01:01:01,1,1,0,1,2012-02-07 16:12:27,2012-02-15 17:18:26
15,0,0,0,1,1,"Medida por medida I, por Penny Cherns","Observaremos cómo la convicción apasionada de dos personajes tenaces entra en un terreno sexual peligroso. Examinaremos dónde y cómo se recogen las claves de la obra que estimulan nuestra “interpretación” y cómo pueden ser representadas a través del movimiento. Todo lo que tenemos es el lenguaje y el actor; cómo el actor filtra este lenguaje a través del instrumento de su propio cuerpo.Nota: Destinado a profesionales. Se requiere la lectura previa de la obra Medida por medida. Duración: 4 horas por encuentro. <p>Este <i>Workshop</i> es gratuito y requiere inscripción previa, media hora antes del comienzo del taller.<p>",We will examine how the passionate conviction of two tenacious characters moves into dangerous sexual waters. This workshop explores where and how we pick up the clues about the play that stimulate our “interpretation” and how they can be rendered kinetically. All we have is the language and the actor; how the actor filters this language through the instrument of him or herself.Please Note: Aimed at professionals. Participants are required to read the play before the workshop.Running Time: 4 hours per day. <p>Workshop require advance registration half an hour before it starts.<p>,SUM,16,0,2012-02-15,0000-00-00,15:00:00,01:01:01,1,1,0,1,2012-02-07 16:13:32,2012-02-15 19:49:39
16,1,NULL,NULL,6,1,A Lover’s Complaint,,,Auditorio El Aleph,0,0,2012-02-15,0000-00-00,19:30:00,01:01:01,1,1,1,1,2012-02-07 16:15:05,2012-02-09 18:35:25
17,0,0,0,1,0,"Actuando Shakespeare, por Sergio Amigo y Daniel Kelly","<p><i>Primera sesión</i></p><p>Comenzará con una introducción a Shakespeare y tendrá como tema principal <i>Los Sonetos</i>: su estructura y los principios del pentámetro yámbico. Usaremos los textos originales en inglés y, para aquellos que no hablen el idioma, traducciones al castellano con rima y métrica.</p><p>Entrenaremos la voz, el balance del cuerpo y descubriremos la manera en que el texto funciona como acción. Sugerimos traer un soneto aprendido (en inglés y/o en castellano). La sesión culminará con una ronda de preguntas y respuestas para evaluar lo trabajado durante la jornada.</p><p><i>Segunda sesión</i></p><p>Abordará soliloquios y escenas en pares. Exploraremos otras estructuras usadas en los textos de Shakespeare: el verso blanco y la prosa.</p><p>En cuanto al significado de las palabras, dividiremos la pieza en distintas unidades de pensamiento y acción, y analizaremos su progresión.</p><p>Bucearemos en busca de experiencias similares en nuestro archivo de vida. Experimentaremos una escena en parejas. </p><p><b>Nota:</b> Dirigido a todos aquellos (actores y no actores) interesados en Shakespeare. En dos sesiones de tres horas cada una exploraremos herramientas y métodos dirigidos a abordar el texto shakespeareano. Recomendamos usar ropa y calzado cómodos.</p><p><b>Duración:</b> 4 horas por encuentro. </p><p>Este <i>Workshop</i> es gratuito y requiere inscripción previa, media hora antes del comienzo del taller.<p>","<p><b><i>Acting Shakespeare</i></b></p><p><i>First session</i></p><p>The first part will begin with an introduction to Shakespeare to then focus on the<i> Sonnets</i>: its structure and the basics of iambic pentameter. We will work with the original English texts and, for those who do not speak the language, with rhymed and metrical Spanish translations.</p><p>We will train the voice, balance the body and discover how to turn text into action. We suggest that participants memorize a sonnet for the class (in English and/or Spanish). In the end, we will have a round of questions and answers to evaluate what was covered in this session. </p><p><i>Second session</i></p><p>The second part will be about soliloquies and acting with a partner. We will explore other forms used by Shakespeare: blank verse and prose.</p><p>Regarding word meaning, we will break down the text into different units of thought and action and analyze their progression.</p><p>We will dive into our personal story to find similar experiences from our own lives. We will perform a scene with a partner. </p><p>Please note: This workshop is aimed at everyone (actors or not) interested in Shakespeare. In two three-hour sessions, we will explore tools and methods for approaching the Shakespearean text. We suggest that participants wear comfortable clothing and shoes.</p><p>Running Time<b>:</b> 4 hours per day. </p><p>Workshop require advance registration half an hour before it starts.<p>",NULL,8,17,2012-02-16,0000-00-00,11:00:00,01:01:01,0,1,0,1,2012-02-07 16:20:19,2012-02-15 17:21:25
18,0,0,0,1,1,"Medida por medida II, por Penny Cherns","Observaremos cómo la convicción apasionada de dos personajes tenaces entra en un terreno sexual peligroso. Examinaremos dónde y cómo se recogen las claves de la obra que estimulan nuestra “interpretación” y cómo pueden ser representadas a través del movimiento. Todo lo que tenemos es el lenguaje y el actor; cómo el actor filtra este lenguaje a través del instrumento de su propio cuerpo.Nota: Destinado a profesionales. Se requiere la lectura previa de la obra Medida por medida. Duración: 4 horas por encuentro. <p>Este <i>Workshop</i> es gratuito y requiere inscripción previa, media hora antes del comienzo del taller.<p>",We will examine how the passionate conviction of two tenacious characters moves into dangerous sexual waters. This workshop explores where and how we pick up the clues about the play that stimulate our “interpretation” and how they can be rendered kinetically. All we have is the language and the actor; how the actor filters this language through the instrument of him or herself.Please Note: Aimed at professionals. Participants are required to read the play before the workshop.Running Time: 4 hours per day. <p>Workshop require advance registration half an hour before it starts.<p>,SUM,16,0,2012-02-16,0000-00-00,15:00:00,01:01:01,0,1,0,1,2012-02-07 16:22:10,2012-02-15 17:23:26
19,1,NULL,NULL,6,1,A Lover’s Complaint,,,Auditorio El Aleph,0,0,2012-02-16,0000-00-00,19:30:00,01:01:01,1,1,1,1,2012-02-07 16:23:14,2012-02-09 18:35:29
20,5,NULL,NULL,6,18,"Hamlet, la metamorfosis",,,NULL,0,0,2012-02-16,0000-00-00,20:00:00,01:01:01,1,1,1,1,2012-02-07 16:24:36,2012-02-09 12:58:44
21,6,NULL,NULL,6,14,Lope de Vega y Shakespeare: Renacimiento barroco,,,NULL,0,0,2012-02-16,0000-00-00,20:30:00,01:01:01,1,1,1,1,2012-02-07 16:25:11,2012-02-09 16:11:37
22,0,0,0,1,1,"Actuando Shakespeare II, por Sergio Amigo y Daniel Kelly","<p><i>Primera sesión</i></p><p>Comenzará con una introducción a Shakespeare y tendrá como tema principal <i>Los Sonetos</i>: su estructura y los principios del pentámetro yámbico. Usaremos los textos originales en inglés y, para aquellos que no hablen el idioma, traducciones al castellano con rima y métrica.</p><p>Entrenaremos la voz, el balance del cuerpo y descubriremos la manera en que el texto funciona como acción. Sugerimos traer un soneto aprendido (en inglés y/o en castellano). La sesión culminará con una ronda de preguntas y respuestas para evaluar lo trabajado durante la jornada.</p><p><i>Segunda sesión</i></p><p>Abordará soliloquios y escenas en pares. Exploraremos otras estructuras usadas en los textos de Shakespeare: el verso blanco y la prosa.</p><p>En cuanto al significado de las palabras, dividiremos la pieza en distintas unidades de pensamiento y acción, y analizaremos su progresión.</p><p>Bucearemos en busca de experiencias similares en nuestro archivo de vida. Experimentaremos una escena en parejas. </p><p><b>Nota:</b> Dirigido a todos aquellos (actores y no actores) interesados en Shakespeare. En dos sesiones de tres horas cada una exploraremos herramientas y métodos dirigidos a abordar el texto shakespeareano. Recomendamos usar ropa y calzado cómodos.</p><p><b>Duración:</b> 4 horas por encuentro. </p><p>Este <i>Workshop</i> es gratuito y requiere inscripción previa, media hora antes del comienzo del taller.<p>","<p><b><i>Acting Shakespeare</i></b></p><p><i>First session</i></p><p>The first part will begin with an introduction to Shakespeare to then focus on the<i> Sonnets</i>: its structure and the basics of iambic pentameter. We will work with the original English texts and, for those who do not speak the language, with rhymed and metrical Spanish translations.</p><p>We will train the voice, balance the body and discover how to turn text into action. We suggest that participants memorize a sonnet for the class (in English and/or Spanish). In the end, we will have a round of questions and answers to evaluate what was covered in this session. </p><p><i>Second session</i></p><p>The second part will be about soliloquies and acting with a partner. We will explore other forms used by Shakespeare: blank verse and prose.</p><p>Regarding word meaning, we will break down the text into different units of thought and action and analyze their progression.</p><p>We will dive into our personal story to find similar experiences from our own lives. We will perform a scene with a partner. </p><p>Please note: This workshop is aimed at everyone (actors or not) interested in Shakespeare. In two three-hour sessions, we will explore tools and methods for approaching the Shakespearean text. We suggest that participants wear comfortable clothing and shoes.</p><p>Running Time<b>:</b> 4 hours per day. </p><p>Workshop require advance registration half an hour before it starts.<p>",SUM,8,17,2012-02-17,0000-00-00,11:00:00,01:01:01,0,1,0,1,2012-02-07 16:27:51,2012-02-15 17:24:22
23,0,0,0,1,1,"Medida por medida III, por Penny Cherns","<p>Observaremos cómo la convicción apasionada de dos personajes tenaces entra en un terreno sexual peligroso. Examinaremos dónde y cómo se recogen las claves de la obra que estimulan nuestra “interpretación” y cómo pueden ser representadas a través del movimiento. Todo lo que tenemos es el lenguaje y el actor; cómo el actor filtra este lenguaje a través del instrumento de su propio cuerpo.</p><p><b>Nota:</b> Destinado a profesionales. Se requiere la lectura previa de la obra Medida por</p><p>medida. </p><p><b>Duración:</b> 4 horas por encuentro. </p><p>Este <i>Workshop</i> es gratuito y requiere inscripción previa, media hora antes del comienzo del taller.<p>",We will examine how the passionate conviction of two tenacious characters moves into dangerous sexual waters. This workshop explores where and how we pick up the clues about the play that stimulate our “interpretation” and how they can be rendered kinetically. All we have is the language and the actor; how the actor filters this language through the instrument of him or herself.Please Note: Aimed at professionals. Participants are required to read the play before the workshop.Running Time: 4 hours per day. <p>Workshop require advance registration half an hour before it starts.<p>,SUM,16,0,2012-02-17,0000-00-00,15:00:00,01:01:01,0,1,0,1,2012-02-07 16:29:00,2012-02-15 17:25:02
24,1,NULL,NULL,6,1,A Lover’s Complaint,,,Auditorio El Aleph,0,0,2012-02-17,0000-00-00,19:30:00,01:01:01,1,1,1,1,2012-02-07 16:29:40,2012-02-09 17:38:54
25,5,NULL,NULL,6,18,"Hamlet, la metamorfosis",,,NULL,0,0,2012-02-17,0000-00-00,20:00:00,01:01:01,1,1,1,1,2012-02-07 16:31:32,2012-02-09 12:59:41
26,6,NULL,NULL,6,14,Lope de Vega y Shakespeare: Renacimiento barroco,,,NULL,0,0,2012-02-17,0000-00-00,20:30:00,01:01:01,1,1,1,1,2012-02-07 16:34:10,2012-02-09 16:11:41
27,9,NULL,NULL,6,16,"Macbeth, asesino del sueño",,,NULL,0,0,2012-02-17,0000-00-00,22:00:00,01:01:01,1,1,1,1,2012-02-07 16:34:41,2012-02-09 12:59:17
28,0,0,0,1,1,"Macbeth, por Penny Cherns","<p>Un workshop destinado a principiantes que indagará sobre la vida privada del matrimonio Macbeth antes del asesinato de Duncan. En una primera escena, Macbeth no dice más que unas palabras; la segunda vez, ella lo alienta a asesinar al Rey. Se explorará el vínculo intenso, potente y sexual de los Macbeth y cómo el lenguaje del autor nos da pistas sobre su relación.</p><p><b>Duración:</b> 4 horas.</p><p>Este <i>Workshop</i> es gratuito y requiere inscripción previa, media hora antes del comienzo del taller.<p>","<p>This workshop for beginners will explore the personal life of Mr. and Mrs. Macbeth before Duncan is murdered. In a first scene, Macbeth says only a few words; then she encourages him to go ahead and murder the king. We will analyze the intense, powerful and sexual bond between the Macbeths and how the author’s language gives us clues about their relationship.</p><p><b>Running Time:</b> 4 hours.</p><p>Workshop require advance registration half an hour before it starts.<p>",SUM,16,0,2012-02-18,0000-00-00,11:00:00,01:01:01,0,1,0,1,2012-02-07 16:36:55,2012-02-15 17:26:50
29,1,NULL,NULL,6,1,A Lover’s Complaint,,,Auditorio El Aleph,0,0,2012-02-18,0000-00-00,19:30:00,01:01:01,1,1,1,1,2012-02-07 16:38:25,2012-02-09 17:39:30
30,9,NULL,NULL,6,16,"Macbeth, asesino del sueño",,,NULL,0,0,2012-02-18,0000-00-00,22:00:00,01:01:01,1,1,1,1,2012-02-07 16:40:10,2012-02-09 12:59:25
31,11,0,0,6,12,Romeo y Julieta: Celebración del amor (Ópera),,,NULL,0,0,2012-02-19,0000-00-00,20:30:00,01:01:01,1,1,1,1,2012-02-07 16:41:18,2012-02-13 15:18:47
33,7,12,3,6,12,Los bailarines de Arda / Shakespir Show / De colección,"<p>· <b><i><a href=\""http://www.shakespeareba.gob.ar/home12/web/index.php/es/plays/show/v/id/7.html\"">Los bailarines de Arda</a></i></b></p><p>· <b><i><a href=\""http://www.shakespeareba.gob.ar/home12/web/index.php/es/plays/show/v/id/12.html\"">Shakespir Show</a></i></b></p><p>· <b><i><a href=\""http://www.shakespeareba.gob.ar/home12/web/index.php/es/plays/show/v/id/3.html\"">De colección</a></i></b></p>","<p>· <b><i><a href=\""http://www.shakespeareba.gob.ar/home12/web/index.php/es/plays/show/v/id/7.html\"">Los bailarines de Arda</a></i></b></p><p>· <b><i><a href=\""http://www.shakespeareba.gob.ar/home12/web/index.php/es/plays/show/v/id/12.html\"">Shakespir Show</a></i></b></p><p>· <b><i><a href=\""http://www.shakespeareba.gob.ar/home12/web/index.php/es/plays/show/v/id/3.html\"">De colección</a></i></b></p>",NULL,0,0,2012-02-15,0000-00-00,19:30:00,01:01:01,0,1,1,1,2012-02-07 17:08:51,2012-02-10 17:51:20
34,16,NULL,NULL,4,13,Recreacionismo Medieval,"<p>Un evento que nos traslada a la Edad Media. Los más grandes grupos de recreación medieval argentina, junto a artistas recreacionistas y eximios artesanos de época dan vida a una típica feria medieval europea. Allí habrá actividades como justas de caballeros, danzas medievales, ceremonias de armado de caballero y vasallaje, y recreación de combates. También se realizarán talleres con participación del público: caligrafía, danzas, arquería, esgrima y combate, herrería en forja medieval, entre otros.</p><p>Se podrán recorrer los diferentes stands de los maestros artesanos y adquirir artesanías de estilo y factura medieval. Será posible también visitar las carpas de los grupos de recreación medieval y asistir a diferentes charlas y talleres, para ver, sentir y vivir por un momento la Edad Media en su plenitud. </p><p><b>Compañías</b></p><p><strong>ARME Vik - Asociación Recreacionista Medieval Escandinava</strong></p><p><strong>Chastel Pélerin - R</strong>ecreacionismo Histórico</p><p><strong>Círculo de Esgrima Medieval Valherjes -</strong>Esgrima Medieval<br/><strong>Clann an Tuirc Dheirg - Época</strong> Medieval Escocesa</p><p><strong>Huskarls Hird -</strong> Era Vendel (siglo V - siglo VII)</p><p><b>Mesnada de Vanimatir</b> -Europa cristiana y musulmana del siglo X al siglo XII</p><p><b>Orden de los Caballeros de la Cruz</b> - Período de las Cruzadas</p>","<p><b>The Medieval Village </b></p><p>An event that sends us back to the Middle Ages. Argentina's finest medieval reenactment groups, together with reenactors and fine period craftsmen, bring to life a typical European medieval fair. The myriad of activities will include jousting, medieval dancing, arming of the knight and vassals, and combat reenactment. Also, there will be workshops open to the public on: calligraphy, dances, archery, fencing and fighting, wrought-iron crafts, among others.</p><p>Visitors are invited to walk around the different stands of master artisans and purchase medieval-style handicrafts. And they can also visit the tents of medieval reenactment groups and attend various talks and workshops to see, feel and experience, for a moment, the Middle Ages at its finest.</p><p><b>Companies</b></p><p><strong>ARME Vik - Scandinavian Medieval Reenactment Association</strong></p><p><strong>Chastel Pélerin -</strong> Historical Reenactment</p><p><strong>Círculo de Esgrima Medieval Valherjes -</strong> Medieval Fencing<br /><strong>Clann an Tuirc Dheirg - Scottish Medieval Period</strong></p><p><strong>Huskarls Hird -</strong> Vendel Period (5<sup>th</sup>-7<sup>th</sup> centuries)</p><p><b>Mesnada de Vanimatir</b> -Christian and Muslim Europe (10<sup>th</sup>-12<sup>th </sup>centuries)</p><p><b>Orden de los Caballeros de la Cruz</b> - Crusade Period</p>",NULL,0,0,2012-02-18,0000-00-00,17:00:00,21:00:00,0,1,0,1,2012-02-07 17:11:46,2012-02-08 19:38:14
35,16,NULL,NULL,4,13,Recreacionismo Medieval,"<p>Un evento que nos traslada a la Edad Media. Los más grandes grupos de recreación medieval argentina, junto a artistas recreacionistas y eximios artesanos de época dan vida a una típica feria medieval europea. Allí habrá actividades como justas de caballeros, danzas medievales, ceremonias de armado de caballero y vasallaje, y recreación de combates. También se realizarán talleres con participación del público: caligrafía, danzas, arquería, esgrima y combate, herrería en forja medieval, entre otros.</p><p>Se podrán recorrer los diferentes stands de los maestros artesanos y adquirir artesanías de estilo y factura medieval. Será posible también visitar las carpas de los grupos de recreación medieval y asistir a diferentes charlas y talleres, para ver, sentir y vivir por un momento la Edad Media en su plenitud. </p><p><b>Compañías</b></p><p><strong>ARME Vik - Asociación Recreacionista Medieval Escandinava</strong></p><p><strong>Chastel Pélerin - R</strong>ecreacionismo Histórico</p><p><strong>Círculo de Esgrima Medieval Valherjes -</strong>Esgrima Medieval<br/><strong>Clann an Tuirc Dheirg - Época</strong> Medieval Escocesa</p><p><strong>Huskarls Hird -</strong> Era Vendel (siglo V - siglo VII)</p><p><b>Mesnada de Vanimatir</b> -Europa cristiana y musulmana del siglo X al siglo XII</p><p><b>Orden de los Caballeros de la Cruz</b> - Período de las Cruzadas</p>","<p><b>The Medieval Village </b></p><p>An event that sends us back to the Middle Ages. Argentina's finest medieval reenactment groups, together with reenactors and fine period craftsmen, bring to life a typical European medieval fair. The myriad of activities will include jousting, medieval dancing, arming of the knight and vassals, and combat reenactment. Also, there will be workshops open to the public on: calligraphy, dances, archery, fencing and fighting, wrought-iron crafts, among others.</p><p>Visitors are invited to walk around the different stands of master artisans and purchase medieval-style handicrafts. And they can also visit the tents of medieval reenactment groups and attend various talks and workshops to see, feel and experience, for a moment, the Middle Ages at its finest.</p><p><b>Companies</b></p><p><strong>ARME Vik - Scandinavian Medieval Reenactment Association</strong></p><p><strong>Chastel Pélerin -</strong> Historical Reenactment</p><p><strong>Círculo de Esgrima Medieval Valherjes -</strong> Medieval Fencing<br /><strong>Clann an Tuirc Dheirg - Scottish Medieval Period</strong></p><p><strong>Huskarls Hird -</strong> Vendel Period (5<sup>th</sup>-7<sup>th</sup> centuries)</p><p><b>Mesnada de Vanimatir</b> -Christian and Muslim Europe (10<sup>th</sup>-12<sup>th </sup>centuries)</p><p><b>Orden de los Caballeros de la Cruz</b> - Crusade Period</p>",NULL,0,0,2012-02-19,0000-00-00,17:00:00,21:00:00,0,1,0,1,2012-02-07 17:12:17,2012-02-08 19:33:03
36,16,NULL,NULL,4,13,Recreacionismo Medieval,"<p>Un evento que nos traslada a la Edad Media. Los más grandes grupos de recreación medieval argentina, junto a artistas recreacionistas y eximios artesanos de época dan vida a una típica feria medieval europea. Allí habrá actividades como justas de caballeros, danzas medievales, ceremonias de armado de caballero y vasallaje, y recreación de combates. También se realizarán talleres con participación del público: caligrafía, danzas, arquería, esgrima y combate, herrería en forja medieval, entre otros.</p><p>Se podrán recorrer los diferentes stands de los maestros artesanos y adquirir artesanías de estilo y factura medieval. Será posible también visitar las carpas de los grupos de recreación medieval y asistir a diferentes charlas y talleres, para ver, sentir y vivir por un momento la Edad Media en su plenitud. </p><p><b>Compañías</b></p><p><strong>ARME Vik - Asociación Recreacionista Medieval Escandinava</strong></p><p><strong>Chastel Pélerin - R</strong>ecreacionismo Histórico</p><p><strong>Círculo de Esgrima Medieval Valherjes -</strong>Esgrima Medieval<br/><strong>Clann an Tuirc Dheirg - Época</strong> Medieval Escocesa</p><p><strong>Huskarls Hird -</strong> Era Vendel (siglo V - siglo VII)</p><p><b>Mesnada de Vanimatir</b> -Europa cristiana y musulmana del siglo X al siglo XII</p><p><b>Orden de los Caballeros de la Cruz</b> - Período de las Cruzadas</p>","<p><b>The Medieval Village </b></p><p>An event that sends us back to the Middle Ages. Argentina's finest medieval reenactment groups, together with reenactors and fine period craftsmen, bring to life a typical European medieval fair. The myriad of activities will include jousting, medieval dancing, arming of the knight and vassals, and combat reenactment. Also, there will be workshops open to the public on: calligraphy, dances, archery, fencing and fighting, wrought-iron crafts, among others.</p><p>Visitors are invited to walk around the different stands of master artisans and purchase medieval-style handicrafts. And they can also visit the tents of medieval reenactment groups and attend various talks and workshops to see, feel and experience, for a moment, the Middle Ages at its finest.</p><p><b>Companies</b></p><p><strong>ARME Vik - Scandinavian Medieval Reenactment Association</strong></p><p><strong>Chastel Pélerin -</strong> Historical Reenactment</p><p><strong>Círculo de Esgrima Medieval Valherjes -</strong> Medieval Fencing<br /><strong>Clann an Tuirc Dheirg - Scottish Medieval Period</strong></p><p><strong>Huskarls Hird -</strong> Vendel Period (5<sup>th</sup>-7<sup>th</sup> centuries)</p><p><b>Mesnada de Vanimatir</b> -Christian and Muslim Europe (10<sup>th</sup>-12<sup>th </sup>centuries)</p><p><b>Orden de los Caballeros de la Cruz</b> - Crusade Period</p>",NULL,0,0,2012-02-12,0000-00-00,17:00:00,21:00:00,0,1,0,1,2012-02-07 17:18:13,2012-02-08 19:38:34
37,12,NULL,NULL,4,13,Shakespir Show,,,NULL,0,0,2012-02-11,0000-00-00,18:00:00,01:01:01,0,1,0,1,2012-02-08 19:44:43,2012-02-08 19:46:31
38,0,NULL,NULL,4,13,Ardo Liltamor,,,NULL,1,0,2012-02-11,0000-00-00,18:30:00,01:01:01,0,1,0,1,2012-02-08 19:46:21,2012-02-08 20:39:15
39,12,NULL,NULL,4,13,Shakespir Show,,,NULL,0,0,2012-02-11,0000-00-00,19:30:00,01:01:01,0,1,0,1,2012-02-08 19:47:59,2012-02-08 19:47:59
40,0,NULL,NULL,4,13,Justas de Caballeros,,,NULL,0,0,2012-02-11,0000-00-00,20:00:00,01:01:01,0,1,0,1,2012-02-08 20:00:25,2012-02-08 20:00:25
41,8,NULL,NULL,4,13,Macbeth,,,NULL,0,0,2012-02-11,0000-00-00,20:30:00,01:01:01,0,1,0,1,2012-02-08 20:01:22,2012-02-09 12:57:25
42,12,NULL,NULL,4,13,Shakespir Show,,,NULL,0,0,2012-02-12,0000-00-00,17:30:00,01:01:01,0,1,0,1,2012-02-08 20:10:14,2012-02-08 20:10:14
43,0,NULL,NULL,4,13,Huldreslat (Música Medieval),,,NULL,0,0,2012-02-11,0000-00-00,19:00:00,01:01:01,0,1,0,1,2012-02-08 20:15:45,2012-02-09 20:43:34
44,12,NULL,NULL,4,13,Shakespir Show,,,NULL,0,0,2012-02-12,0000-00-00,18:30:00,01:01:01,0,1,0,1,2012-02-08 20:15:58,2012-02-08 20:15:58
45,0,NULL,NULL,4,13,Recreación de Combate,,,NULL,0,0,2012-02-12,0000-00-00,19:00:00,01:01:01,0,1,0,1,2012-02-08 20:17:02,2012-02-08 20:17:02
46,0,NULL,NULL,4,13,ARMADO DE CABALLERO Y VASALLAJE,,,NULL,0,0,2012-02-12,0000-00-00,20:00:00,01:01:01,0,1,0,1,2012-02-08 20:21:23,2012-02-08 20:21:23
47,8,NULL,NULL,4,13,Macbeth,,,NULL,0,0,2012-02-12,0000-00-00,20:30:00,01:01:01,0,1,0,1,2012-02-08 20:21:23,2012-02-08 20:21:23
48,12,NULL,NULL,4,13,Shakespir Show,,,NULL,0,0,2012-02-18,0000-00-00,17:00:00,01:01:01,0,1,0,1,2012-02-08 20:22:48,2012-02-08 20:22:48
49,0,NULL,NULL,4,13,Beltaine. Música Medieval,,,NULL,2,0,2012-02-18,0000-00-00,17:30:00,01:01:01,0,1,0,1,2012-02-08 20:24:15,2012-02-09 20:45:25
50,0,NULL,NULL,4,13,Beltaine. Música Medieval,,,NULL,2,0,2012-02-19,0000-00-00,19:00:00,01:01:01,0,1,0,1,2012-02-08 20:24:13,2012-02-09 20:45:40
51,0,NULL,NULL,4,13,Recreación de Combate,,,NULL,0,0,2012-02-18,0000-00-00,19:00:00,01:01:01,0,1,0,1,2012-02-08 20:25:07,2012-02-08 20:25:07
52,0,NULL,NULL,4,13,ARMADO DE CABALLERO Y VASALLAJE,,,NULL,0,0,2012-02-18,0000-00-00,17:30:00,01:01:01,0,1,0,1,2012-02-08 20:25:52,2012-02-08 20:25:52
53,8,NULL,NULL,4,13,Macbeth,,,NULL,0,0,2012-02-18,0000-00-00,19:30:00,01:01:01,0,1,0,1,2012-02-08 20:33:45,2012-02-08 20:33:45
54,2,0,0,4,13,Amleto Avvisato Mezzo Salvato,,,NULL,0,0,2012-02-18,0000-00-00,20:00:00,01:01:01,0,1,0,1,2012-02-08 20:34:10,2012-02-18 23:20:52
55,2,0,0,4,13,Amleto Avvisato Mezzo Salvato,,,NULL,0,0,2012-02-19,0000-00-00,20:00:00,01:01:01,0,1,0,1,2012-02-08 20:35:21,2012-02-18 23:21:31
56,12,NULL,NULL,4,13,Shakespir Show,,,NULL,0,0,2012-02-19,0000-00-00,17:00:00,01:01:01,0,1,0,1,2012-02-08 20:36:34,2012-02-08 20:36:34
57,0,NULL,NULL,4,13,Ardo Liltamor,,,NULL,1,0,2012-02-19,0000-00-00,17:30:00,01:01:01,0,1,0,1,2012-02-08 20:37:31,2012-02-08 20:37:31
58,12,NULL,NULL,4,13,Shakespir Show,,,NULL,0,0,2012-02-19,0000-00-00,18:00:00,01:01:01,0,1,0,1,2012-02-08 20:37:46,2012-02-08 20:37:46
59,0,NULL,NULL,4,13,JUSTAS DE CABALLEROS,,,NULL,0,0,2012-02-19,0000-00-00,18:30:00,01:01:01,0,1,0,1,2012-02-08 20:38:42,2012-02-08 20:38:42
60,0,NULL,NULL,4,13,Beltaine. Música Medieval,,,NULL,0,0,2012-02-12,0000-00-00,18:00:00,01:01:01,0,1,0,1,2012-02-09 20:45:11,2012-02-09 20:45:11
61,12,NULL,NULL,4,13,Shakespir Show,,,NULL,13,0,2012-02-18,0000-00-00,18:00:00,01:01:01,0,1,0,1,2012-02-09 20:47:04,2012-02-09 20:48:20
